zaretzki_index,molecule_title,atomic_index,zaretzki_atomic_index,atomic_number,hydrogen_neighbor,is_aromatic,heavy_atoms,double_bonded,ir,relative_ir,bde,sasa_hydrogen_maestro,primary_som,secondary_som,tertiary_som,som,som_level
016,CLARITHROMYCIN,1,16001,6,1,0,52,0,0.546,0.6426497756664028,91.16,0.00317533336441075,0,0,0,0,0
016,CLARITHROMYCIN,3,16003,6,1,0,52,0,-1.869,0.4301926629717604,90.5,2.60984074237949,0,0,0,0,0
016,CLARITHROMYCIN,5,16005,6,2,0,52,0,-2.104,0.40951878244039763,94.77,4.482432648835856,0,0,0,0,0
016,CLARITHROMYCIN,7,16007,6,3,0,52,0,-3.994,0.24324799859241664,101.71,4.743600695640716,0,0,0,0,0
016,CLARITHROMYCIN,8,16008,6,1,0,52,0,0.019,0.5962874989003255,95.28,0.0,0,0,0,0,0
016,CLARITHROMYCIN,9,16009,6,3,0,52,0,-4.357,0.21131345121843934,100.3,12.71554331178256,0,0,0,0,0
016,CLARITHROMYCIN,10,16010,6,1,0,52,0,-1.548,0.4584323040380047,94.14,9.10771183792569,0,0,0,0,0
016,CLARITHROMYCIN,11,16011,6,1,0,52,0,-2.705,0.3566464326559338,83.87,8.57518071193775,0,0,0,0,0
016,CLARITHROMYCIN,12,16012,6,3,0,52,0,3.048,0.8627606228556347,94.85,21.86624728478249,0,0,0,0,0
016,CLARITHROMYCIN,14,16014,6,1,0,52,0,-1.728,0.442596991290578,83.76,0.0,0,0,0,0,0
016,CLARITHROMYCIN,15,16015,6,1,0,52,0,-5.068,0.1487639658661037,89.61,14.4876275786389,0,0,0,0,0
016,CLARITHROMYCIN,18,16018,6,3,0,52,0,-5.038,0.15140318465734143,100.64,3.0625167702727256,0,0,0,0,0
016,CLARITHROMYCIN,19,16019,6,1,0,52,0,-1.851,0.43177619424650304,92.1,1.84829264755217,0,0,0,0,0
016,CLARITHROMYCIN,21,16021,6,3,0,52,0,-4.625,0.18773643001671506,101.55,9.958978055336447,0,0,0,0,0
016,CLARITHROMYCIN,22,16022,6,1,0,52,0,3.456,0.8986539984164686,92.29,3.45282332025434e-06,0,0,0,0,0
016,CLARITHROMYCIN,24,16024,6,1,0,52,0,-4.362,0.2108735814198997,92.38,0.00481441083120262,0,0,0,0,0
016,CLARITHROMYCIN,25,16025,6,1,0,52,0,-2.306,0.3917480425793965,98.4,0.0,0,0,0,0,0
016,CLARITHROMYCIN,27,16027,6,2,0,52,0,-4.984,0.15615377848156947,99.42,8.22281601765398,0,0,0,0,0
016,CLARITHROMYCIN,31,16031,6,2,0,52,0,-6.759,0.0,99.16,8.475042773337016,0,0,0,0,0
016,CLARITHROMYCIN,33,16033,6,3,0,52,0,-4.354,0.21157737309756314,102.69,23.474370964158567,0,0,0,0,0
016,CLARITHROMYCIN,34,16034,6,1,0,52,0,-2.368,0.386293657077505,87.79,11.0237929272045,0,0,0,0,0
016,CLARITHROMYCIN,35,16035,6,3,0,52,0,-5.201,0.13706342922494946,101.07,21.100440174867067,0,0,0,0,0
016,CLARITHROMYCIN,37,16037,6,1,0,52,0,-3.403,0.2952406087798012,93.41,8.41799619613675,0,0,0,0,0
016,CLARITHROMYCIN,38,16038,6,1,0,52,0,-0.485,0.5519486232075306,94.34,0.207663861797149,0,0,0,0,0
016,CLARITHROMYCIN,39,16039,6,3,0,52,0,4.608,1.0,92.86,21.8171736985859,1,0,0,1,3
016,CLARITHROMYCIN,40,16040,6,3,0,52,0,4.608,1.0,92.84,21.91297723380117,1,0,0,1,3
016,CLARITHROMYCIN,43,16043,6,1,0,52,0,-4.925,0.16134424210433715,95.89,8.89554000829837,0,0,0,0,0
016,CLARITHROMYCIN,45,16045,6,3,0,52,0,-4.004,0.24236825899533743,101.51,21.2996683839028,0,0,0,0,0
016,CLARITHROMYCIN,46,16046,6,3,0,52,0,-3.963,0.24597519134336238,102.45,18.03859954662252,0,0,0,0,0
016,CLARITHROMYCIN,47,16047,6,2,0,52,0,-2.583,0.36737925574030084,96.83,8.620809728710675,0,1,0,1,2
016,CLARITHROMYCIN,48,16048,6,3,0,52,0,-4.81,0.1714612474707487,103.0,7.814981150241383,0,0,0,0,0
016,CLARITHROMYCIN,51,16051,6,3,0,52,0,3.045,0.8624967009765109,95.65,21.64094804414064,0,0,0,0,0
016,CLARITHROMYCIN,52,16052,6,3,0,52,0,-4.756,0.1762118412949767,100.97,24.619576029578436,0,0,0,0,0
018,CORTISOL,1,18001,6,1,0,26,0,-7.964,0.03885153164692059,94.26,6.34614797964887,0,0,0,0,0
018,CORTISOL,2,18002,6,1,0,26,0,-8.328,0.0,91.11,1.0021769883389,0,0,0,0,0
018,CORTISOL,4,18004,6,2,0,26,0,-8.232,0.010246557796990083,95.22,18.4846216048399,0,0,0,0,0
018,CORTISOL,5,18005,6,1,0,26,0,-7.45,0.0937133098516383,90.15,4.27287786926927,0,0,0,0,0
018,CORTISOL,6,18006,6,2,0,26,0,-8.084,0.026043334400683082,96.69,16.710124848903348,0,0,0,0,0
018,CORTISOL,8,18008,6,2,0,26,0,-7.452,0.09349983989753437,97.96,10.46243886858915,0,0,0,0,0
018,CORTISOL,9,18009,6,3,0,26,0,-5.428,0.30953143345074174,100.94,17.371624094032335,0,0,0,0,0
018,CORTISOL,10,18010,6,2,0,26,0,-7.238,0.11634112498665802,96.24,17.25569876826865,0,0,0,0,0
018,CORTISOL,12,18012,6,1,0,26,0,-7.442,0.09456718966805414,88.7,3.61655638282693,0,0,0,0,0
018,CORTISOL,13,18013,6,2,0,26,0,0.814,0.9757711602092005,80.78,20.04436145863325,1,0,0,1,3
018,CORTISOL,17,18017,6,2,0,26,0,-7.145,0.12626747785249226,98.22,11.19930276029573,0,0,0,0,0
018,CORTISOL,18,18018,6,3,0,26,0,-5.302,0.32298004055929125,100.74,19.0932286591681,0,0,0,0,0
018,CORTISOL,20,18020,6,2,0,26,0,1.041,1.0,75.06,20.59236557646245,0,0,0,0,0
018,CORTISOL,23,18023,6,2,0,26,0,-5.368,0.3159355320738605,89.18,20.9259239531376,0,0,0,0,0
020,FELODIPINE,1,20001,6,1,0,25,0,5.026,1.0,79.73,7.67251952802346,1,0,0,1,3
020,FELODIPINE,15,20015,6,3,0,25,0,4.578,0.9637335060309238,88.26,26.21836351907683,0,0,0,0,0
020,FELODIPINE,18,20018,6,3,0,25,0,4.6,0.9655144499311908,88.23,26.46726906328256,0,0,0,0,0
020,FELODIPINE,23,20023,6,2,0,25,0,1.986,0.7539059337812678,98.61,24.331171315097052,0,0,0,0,0
020,FELODIPINE,24,20024,6,3,0,25,0,4.146,0.9287622439893143,97.85,28.628939032142966,0,0,0,0,0
020,FELODIPINE,25,20025,6,3,0,25,0,-3.745,0.28997004776167734,102.83,23.9593128539797,0,0,0,0,0
033,SENECIONINE,1,33001,6,1,0,24,0,3.516,1.0,76.45,19.963031771451,1,0,0,1,3
033,SENECIONINE,2,33002,6,1,0,24,0,-3.916,0.26972585241230224,95.64,11.0117726441963,0,0,0,0,0
033,SENECIONINE,5,33005,6,2,0,24,0,-6.661,0.0,97.54,20.664187627702148,0,0,0,0,0
033,SENECIONINE,7,33007,6,2,0,24,0,3.019,0.9511643902918345,90.19,25.608831139135603,0,0,0,0,0
033,SENECIONINE,8,33008,6,2,0,24,0,3.238,0.9726835020143461,75.89,26.2822257362579,1,0,0,1,3
033,SENECIONINE,10,33010,6,2,0,24,0,1.45,0.7969932200058956,82.92,20.3474401553205,0,0,0,0,0
033,SENECIONINE,16,33016,6,2,0,24,0,-1.527,0.5044708656775081,,12.98621867425635,0,0,0,0,0
033,SENECIONINE,20,33020,6,1,0,24,0,-2.602,0.3988405227473715,91.14,9.56142920250259,0,0,0,0,0
033,SENECIONINE,21,33021,6,3,0,24,0,-2.424,0.4163309423209198,,25.165983062401367,0,0,0,0,0
033,SENECIONINE,22,33022,6,3,0,24,0,-4.209,0.24093544266483247,102.18,21.0764961769257,0,0,0,0,0
033,SENECIONINE,24,33024,6,3,0,24,0,-5.019,0.16134420752677603,,17.882427817660968,0,0,0,0,0
034,TAXOL,1,34001,6,1,0,62,0,-4.766,0.12660083320475235,72.35,1.48374662374313,0,0,0,0,0
034,TAXOL,3,34003,6,1,0,62,0,0.592,0.5399629686776732,87.87,0.0,0,0,0,0,0
034,TAXOL,5,34005,6,1,0,62,0,0.568,0.5381114025613332,95.73,7.84796449875437,0,0,0,0,0
034,TAXOL,6,34006,6,2,0,62,0,1.697,0.6252121586174972,93.34,17.0050173539968,0,0,0,0,0
034,TAXOL,11,34011,6,1,0,62,0,-5.731,0.052152445610245346,92.32,0.0,0,0,0,0,0
034,TAXOL,12,34012,6,3,0,62,0,-4.649,0.1356272180219102,99.42,13.331499020665738,0,0,0,0,0
034,TAXOL,14,34014,6,2,0,62,0,-5.754,0.050378028082086135,96.03,11.213889655163085,0,0,0,0,0
034,TAXOL,17,34017,6,2,0,62,0,-6.407,0.0,93.91,2.7792650946497153,0,0,0,0,0
034,TAXOL,20,34020,6,1,0,62,0,1.781,0.6316926400246876,80.73,0.252306444205163,0,0,0,0,0
034,TAXOL,23,34023,6,3,0,62,0,-3.952,0.1893997839839531,96.09,22.906124996230034,0,0,0,0,0
034,TAXOL,26,34026,6,3,0,62,0,6.555,1.0,97.96,15.329134399116668,0,0,0,0,0
034,TAXOL,27,34027,6,3,0,62,0,6.555,1.0,96.05,11.499678554025659,0,0,0,0,0
034,TAXOL,28,34028,6,1,0,62,0,1.077,0.5773800339453788,74.76,3.40063285405551,0,0,0,0,0
034,TAXOL,37,34037,6,3,0,62,0,-2.601,0.29362752661626296,85.01,9.052701026277616,0,0,0,0,0
034,TAXOL,41,34041,6,3,0,62,0,-3.971,0.1879339608085172,97.65,31.47822105243193,0,0,0,0,0
034,TAXOL,43,34043,6,1,0,62,0,-1.771,0.35766085480635706,86.03,0.654767088885008,0,0,0,0,0
034,TAXOL,46,34046,6,1,0,62,0,-2.691,0.2866841536799877,85.22,5.12821138639072,0,0,0,0,0
039,adinazolam,12,39012,6,2,0,25,0,5.439,0.991148843930636,80.06,11.4258226788314,0,0,0,0,0
039,adinazolam,15,39015,6,2,0,25,0,5.537,1.0,76.08,27.87266112707005,0,0,0,0,0
039,adinazolam,23,39023,6,3,0,25,0,4.69,0.9235007225433528,94.55,23.011906401529533,1,0,0,1,3
039,adinazolam,24,39024,6,3,0,25,0,4.69,0.9235007225433528,93.66,23.838733467130467,1,0,0,1,3
043,alfentanil,6,43006,6,2,0,30,0,-3.508,0.31146231021930215,93.03,17.457607541280048,0,0,0,0,0
043,alfentanil,8,43008,6,2,0,30,0,-3.38,0.322826955518068,91.2,27.34640787511875,0,0,0,0,0
043,alfentanil,9,43009,6,3,0,30,0,-4.93,0.18520820385332507,103.21,29.71013051777793,0,0,0,0,0
043,alfentanil,10,43010,6,2,0,30,0,4.247,1.0,88.94,13.31236695329485,1,0,0,1,3
043,alfentanil,12,43012,6,2,0,30,0,2.999,0.8891947083370328,89.37,13.47052326936905,0,0,0,0,0
043,alfentanil,13,43013,6,2,0,30,0,-7.016,0.0,98.82,10.351342693327775,0,0,0,0,0
043,alfentanil,15,43015,6,2,0,30,0,-7.016,0.0,97.46,9.942732678057716,0,0,0,0,0
043,alfentanil,16,43016,6,2,0,30,0,2.999,0.8891947083370328,86.97,12.770090119989948,0,0,0,0,0
043,alfentanil,17,43017,6,2,0,30,0,0.67,0.6824114356743319,93.2,5.155804411375964,0,0,0,0,0
043,alfentanil,20,43020,6,3,0,30,0,2.894,0.8798721477403889,96.36,31.648793967371166,0,0,0,0,0
043,alfentanil,23,43023,6,2,0,30,0,-2.62,0.39030453697949036,91.1,16.1541720267017,0,0,0,0,0
043,alfentanil,24,43024,6,3,0,30,0,-5.093,0.17073603835567788,101.5,28.869184095661268,0,0,0,0,0
051,amiodarone,10,51010,6,2,0,31,0,-2.725,0.24641099261689914,78.52,15.8141943634276,0,0,0,0,0
051,amiodarone,11,51011,6,2,0,31,0,-3.097,0.20826497128794097,96.49,17.1781767642172,0,0,0,0,0
051,amiodarone,12,51012,6,2,0,31,0,-3.146,0.20324036095159972,95.68,19.634538864827547,0,0,0,0,0
051,amiodarone,13,51013,6,3,0,31,0,-5.128,0.0,99.39,27.371961405324168,0,0,0,0,0
051,amiodarone,25,51025,6,2,0,31,0,1.008,0.6292042657916326,94.94,8.243302118155725,0,0,0,0,0
051,amiodarone,26,51026,6,2,0,31,0,4.624,1.0,77.16,8.801154997046499,0,0,0,0,0
051,amiodarone,28,51028,6,2,0,31,0,4.574,0.9948728465955703,86.41,15.27026604742205,1,0,0,1,3
051,amiodarone,29,51029,6,3,0,31,0,-4.852,0.028301886792452813,99.17,26.190312400473932,0,0,0,0,0
051,amiodarone,30,51030,6,2,0,31,0,4.574,0.9948728465955703,86.44,15.282214869474249,1,0,0,1,3
051,amiodarone,31,51031,6,3,0,31,0,-4.852,0.028301886792452813,99.65,24.594998125451337,0,0,0,0,0
061,azelastine,12,61012,6,2,0,27,0,-2.778,0.21369832150501297,78.23,17.68179123797985,0,0,0,0,0
061,azelastine,20,61020,6,1,0,27,0,-3.519,0.13022417483384024,90.16,7.57547032960028,0,0,0,0,0
061,azelastine,21,61021,6,2,0,27,0,-3.394,0.14430550861777625,96.27,15.54647742953375,0,0,0,0,0
061,azelastine,22,61022,6,2,0,27,0,2.703,0.8311366452630394,91.14,15.7659731418922,0,0,0,0,0
061,azelastine,24,61024,6,2,0,27,0,2.697,0.8304607412414104,90.15,17.23092616057295,0,0,0,0,0
061,azelastine,25,61025,6,2,0,27,0,-3.441,0.13901092711501636,97.48,22.248560217329448,0,0,0,0,0
061,azelastine,26,61026,6,2,0,27,0,-3.314,0.15331756223949533,96.2,15.631119267374,0,0,0,0,0
061,azelastine,27,61027,6,3,0,27,0,4.202,1.0,92.32,27.098857680380334,1,0,0,1,3
063,beta_arteether,1,63001,6,3,0,23,0,-4.073,0.38619782322688667,102.64,30.849676287621502,0,0,0,0,0
063,beta_arteether,2,63002,6,2,0,23,0,1.059,1.0,95.62,21.369528848839,1,0,0,1,3
063,beta_arteether,4,63004,6,1,0,23,0,-1.635,0.677789738069609,95.02,15.4205853456078,0,0,0,0,0
063,beta_arteether,6,63006,6,1,0,23,0,-5.325,0.2364549695012558,91.43,15.984888539045,0,0,0,0,0
063,beta_arteether,7,63007,6,1,0,23,0,-5.151,0.2572658772874058,83.73,5.54986956105951,0,0,0,0,0
063,beta_arteether,8,63008,6,3,0,23,0,-4.278,0.3616792249730894,99.58,16.553038200449535,0,0,0,0,0
063,beta_arteether,9,63009,6,1,0,23,0,-0.641,0.7966750388709485,77.75,0.0,0,0,0,0,0
063,beta_arteether,11,63011,6,2,0,23,0,-7.124,0.021289319459394804,98.99,17.86278147196525,0,0,0,0,0
063,beta_arteether,13,63013,6,1,0,23,0,-5.754,0.18514531754574814,95.21,7.57955591323857,0,0,0,0,0
063,beta_arteether,15,63015,6,2,0,23,0,-7.302,0.0,96.76,21.17122389139935,0,0,0,0,0
063,beta_arteether,16,63016,6,1,0,23,0,-7.076,0.027030259538332737,93.49,10.2031092952165,0,0,0,0,0
063,beta_arteether,18,63018,6,3,0,23,0,-5.081,0.2656380815691902,100.61,24.057265001439163,0,0,0,0,0
063,beta_arteether,19,63019,6,2,0,23,0,-2.694,0.551130247578041,93.58,12.394796916644399,0,0,0,0,0
063,beta_arteether,21,63021,6,2,0,23,0,-1.376,0.7087668939122116,97.05,22.4532440836197,0,0,0,0,0
063,beta_arteether,22,63022,6,2,0,23,0,-2.4,0.5862935055615357,94.76,21.9867126633875,0,0,0,0,0
063,beta_arteether,23,63023,6,3,0,23,0,-3.174,0.49372084678866174,102.99,23.97959544775053,0,0,0,0,0
073,buprenorphine,10,73010,6,2,0,34,0,5.097,0.9519420671494404,83.54,17.38612679260385,0,0,0,0,0
073,buprenorphine,11,73011,6,1,0,34,0,2.63,0.7714870894594398,97.18,9.74240460289506,0,0,0,0,0
073,buprenorphine,13,73013,6,1,0,34,0,0.043,0.5822544071391997,97.72,7.79961215594833,0,0,0,0,0
073,buprenorphine,15,73015,6,2,0,34,0,-7.917,0.0,94.65,0.31687690390525625,0,0,0,0,0
073,buprenorphine,16,73016,6,1,0,34,0,-7.194,0.05288567039719113,83.74,0.218966590785352,0,0,0,0,0
073,buprenorphine,19,73019,6,3,0,34,0,-5.476,0.17855314168678224,100.64,11.551023005365444,0,0,0,0,0
073,buprenorphine,21,73021,6,3,0,34,0,2.006,0.7258430253821959,100.95,21.136823669772134,0,0,0,0,0
073,buprenorphine,22,73022,6,3,0,34,0,2.006,0.7258430253821959,98.59,18.0272635691887,0,0,0,0,0
073,buprenorphine,23,73023,6,3,0,34,0,2.006,0.7258430253821959,98.92,14.252276081478888,0,0,0,0,0
073,buprenorphine,24,73024,6,2,0,34,0,-7.091,0.06041986687147975,94.02,10.9957257833983,0,0,0,0,0
073,buprenorphine,26,73026,6,3,0,34,0,2.865,0.7886767610269915,96.54,20.89406420046414,0,0,0,0,0
073,buprenorphine,27,73027,6,2,0,34,0,-7.759,0.011557311096481565,94.88,10.834522436034225,0,0,0,0,0
073,buprenorphine,28,73028,6,2,0,34,0,-7.657,0.019018360032184902,97.46,15.018352296170105,0,0,0,0,0
073,buprenorphine,30,73030,6,2,0,34,0,2.599,0.7692195157632946,89.03,13.60938078428195,0,0,0,0,0
073,buprenorphine,31,73031,6,2,0,34,0,4.152,0.8828176431863067,86.74,4.3053156067129095,1,0,0,1,3
073,buprenorphine,32,73032,6,1,0,34,0,-3.751,0.3047326457464707,104.8,22.4755860669707,0,0,0,0,0
073,buprenorphine,33,73033,6,2,0,34,0,-3.148,0.3488406115134226,106.51,28.40790616436575,0,0,0,0,0
073,buprenorphine,34,73034,6,2,0,34,0,-3.148,0.3488406115134226,107.83,28.4227031241777,0,0,0,0,0
085,citalopram,9,85009,6,2,0,24,0,1.79,0.7791318199920351,80.22,24.95254970896685,0,0,0,0,0
085,citalopram,12,85012,6,2,0,24,0,-2.189,0.4622062923138192,97.61,12.2055920545443,0,0,0,0,0
085,citalopram,19,85019,6,2,0,24,0,-2.87,0.40796495420151335,97.42,8.79513317602013,0,0,0,0,0
085,citalopram,20,85020,6,2,0,24,0,4.323,0.9808841099163681,91.18,12.40704563236535,0,0,0,0,0
085,citalopram,22,85022,6,3,0,24,0,4.563,1.0,92.67,24.85270330943007,1,0,0,1,3
085,citalopram,23,85023,6,3,0,24,0,4.563,1.0,92.9,24.862641441168666,1,0,0,1,3
089,clozapine,17,89017,6,2,0,23,0,-5.324,0.2218889339278476,92.77,15.101550647273601,0,0,0,0,0
089,clozapine,18,89018,6,2,0,23,0,3.296,0.9207134171057964,91.89,19.66356698279465,0,0,0,0,0
089,clozapine,20,89020,6,2,0,23,0,3.296,0.9207134171057964,91.53,20.276793245900798,0,0,0,0,0
089,clozapine,21,89021,6,2,0,23,0,-5.324,0.2218889339278476,90.75,19.51871409428375,0,0,0,0,0
089,clozapine,22,89022,6,3,0,23,0,4.274,1.0,93.0,27.356294968752366,1,0,0,1,3
091,codeine,8,91008,6,1,0,22,0,-0.906,0.5469195156695158,83.17,6.66825400315534,0,0,0,0,0
091,codeine,9,91009,6,1,0,22,0,2.882,0.884170227920228,96.42,13.6272677471144,0,0,0,0,0
091,codeine,10,91010,6,2,0,22,0,-4.891,0.19212962962962968,83.39,20.0407205967369,0,0,0,0,0
091,codeine,11,91011,6,1,0,22,0,1.137,0.7288105413105413,98.23,17.784827528024,0,0,0,0,0
091,codeine,12,91012,6,1,0,22,0,-0.187,0.6109330484330485,72.95,22.4073327966347,0,0,0,0,0
091,codeine,19,91019,6,2,0,22,0,-7.049,0.0,98.9,17.34621098735895,0,0,0,0,0
091,codeine,20,91020,6,2,0,22,0,2.722,0.8699252136752138,89.56,19.3028358022202,0,0,0,0,0
091,codeine,21,91021,6,3,0,22,0,4.183,1.0,91.13,25.305459653899135,1,0,0,1,3
091,codeine,22,91022,6,3,0,22,0,3.374,0.9279736467236468,96.7,32.58242463302877,0,0,0,0,0
092,colchicine,8,92008,6,3,0,29,0,3.374,0.9010838562464346,97.2,32.269204697576264,1,0,0,1,3
092,colchicine,10,92010,6,3,0,29,0,3.374,0.9010838562464346,97.98,26.229176277985502,0,1,0,1,2
092,colchicine,12,92012,6,3,0,29,0,3.374,0.9010838562464346,97.24,17.470572842100093,0,0,0,0,0
092,colchicine,13,92013,6,2,0,29,0,2.773,0.8325156873930405,88.99,21.293734058771598,0,0,0,0,0
092,colchicine,14,92014,6,2,0,29,0,-3.405,0.12766685681688536,97.34,20.578289296049952,0,0,0,0,0
092,colchicine,15,92015,6,1,0,29,0,-1.914,0.2977752424415288,84.64,5.3610453068968,0,0,0,0,0
092,colchicine,25,92025,6,3,0,29,0,3.374,0.9010838562464346,96.71,32.84570591293923,0,0,0,0,0
092,colchicine,28,92028,6,3,0,29,0,-4.524,0.0,97.37,29.946271761571495,0,0,0,0,0
107,dexamethasone,1,107001,6,3,0,28,0,-5.443,0.2839519302350314,100.05,11.843209637748805,0,0,0,0,0
107,dexamethasone,3,107003,6,1,0,28,0,-7.842,0.028820589173667973,87.23,2.18455890193385,0,0,0,0,0
107,dexamethasone,5,107005,6,2,0,28,0,-7.274,0.08922684249707537,97.89,10.942809946972499,0,0,0,0,0
107,dexamethasone,6,107006,6,1,0,28,0,-7.649,0.04934595341912151,96.59,2.23803490600183,0,0,0,0,0
107,dexamethasone,7,107007,6,2,0,28,0,-8.113,0.0,96.69,13.33606070427475,0,0,0,0,0
107,dexamethasone,10,107010,6,1,0,28,0,-7.239,0.09294905881101774,91.36,7.40432958713728,0,0,0,0,0
107,dexamethasone,11,107011,6,1,0,28,0,-6.999,0.11847282782090822,90.23,13.1914539659269,0,0,0,0,0
107,dexamethasone,13,107013,6,2,0,28,0,-7.332,0.08305859831968519,97.8,15.30990030197975,0,0,0,0,0
107,dexamethasone,14,107014,6,2,0,28,0,1.033,0.972668297351909,75.33,19.10749853789845,0,0,0,0,0
107,dexamethasone,16,107016,6,3,0,28,0,-5.354,0.2934169945761991,99.12,24.43059505033827,0,0,0,0,0
107,dexamethasone,20,107020,6,2,0,28,0,1.29,1.0,82.62,20.5622333605404,1,0,0,1,3
107,dexamethasone,22,107022,6,3,0,28,0,-4.302,0.4052961820695523,99.77,17.801470986463034,0,0,0,0,0
109,dextromethorphan,8,109008,6,2,0,20,0,-8.027,0.005238977996292519,97.17,15.43891130349045,0,0,0,0,0
109,dextromethorphan,9,109009,6,2,0,20,0,-7.963,0.010397356331103445,98.09,21.889159509134352,0,0,0,0,0
109,dextromethorphan,10,109010,6,2,0,20,0,-7.984,0.008704763439993596,98.02,27.91624937289905,0,0,0,0,0
109,dextromethorphan,11,109011,6,2,0,20,0,-8.092,0.0,97.25,16.69492135245894,0,0,0,0,0
109,dextromethorphan,12,109012,6,1,0,20,0,-7.988,0.008382364794067872,97.31,11.1225866652563,0,0,0,0,0
109,dextromethorphan,13,109013,6,1,0,20,0,2.616,0.8630611751430645,96.04,12.5199545936248,0,0,0,0,0
109,dextromethorphan,14,109014,6,2,0,20,0,-4.375,0.2995889417264448,83.08,13.388305679064846,0,0,0,0,0
109,dextromethorphan,16,109016,6,2,0,20,0,-8.055,0.0029821874748126712,98.46,18.8543046511089,0,0,0,0,0
109,dextromethorphan,17,109017,6,2,0,20,0,2.576,0.8598371886838077,89.35,17.32821381496645,0,0,0,0,0
109,dextromethorphan,18,109018,6,3,0,20,0,4.141,0.9859756589022326,90.78,26.694803472528964,1,0,0,1,3
109,dextromethorphan,20,109020,6,3,0,20,0,3.374,0.9241557185459822,96.62,31.274693237414567,0,0,0,0,0
112,diazepam,10,112010,6,3,0,20,0,2.875,1.0,93.82,26.545859461059,0,1,0,1,2
112,diazepam,13,112013,6,2,0,20,0,-0.348,0.722871883061049,79.07,26.98511505013785,1,0,0,1,3
116,diltiazem,9,116009,6,1,0,29,0,0.299,0.6421880227500837,92.21,5.70666387807079,0,0,0,0,0
116,diltiazem,10,116010,6,1,0,29,0,0.771,0.6816661090665775,82.52,10.7416055039045,0,0,0,0,0
116,diltiazem,12,116012,6,2,0,29,0,0.772,0.6817497490799599,94.75,11.31861149925219,0,0,0,0,0
116,diltiazem,13,116013,6,2,0,29,0,4.416,0.9865339578454333,89.92,7.12361133063799,0,0,0,0,0
116,diltiazem,15,116015,6,3,0,29,0,4.577,1.0,92.45,24.6710740200682,1,0,0,1,3
116,diltiazem,16,116016,6,3,0,29,0,4.577,1.0,92.66,24.786567528304065,1,0,0,1,3
116,diltiazem,20,116020,6,3,0,29,0,-3.98,0.28429240548678486,97.37,27.402319745807603,0,0,0,0,0
116,diltiazem,29,116029,6,3,0,29,0,3.374,0.8993810639009703,96.91,32.568697161766465,0,0,0,0,0
118,docetaxel,2,118002,6,1,0,58,0,-5.029,0.10755836351028585,90.15,0.0,0,0,0,0,0
118,docetaxel,3,118003,6,1,0,58,0,0.48,0.5320132521765929,91.12,10.4845459178576,0,0,0,0,0
118,docetaxel,4,118004,6,2,0,58,0,1.638,0.621234301564065,94.51,6.462130921521955,0,0,0,0,0
118,docetaxel,6,118006,6,1,0,58,0,0.484,0.5323214423299176,92.75,0.0,0,0,0,0,0
118,docetaxel,9,118009,6,2,0,58,0,-5.879,0.0420679559288081,96.75,20.278440360568602,0,0,0,0,0
118,docetaxel,13,118013,6,1,0,58,0,-5.995,0.03313044148239462,89.53,1.63608228429815,0,0,0,0,0
118,docetaxel,15,118015,6,3,0,58,0,-4.913,0.11649587795669926,101.03,11.23512006826254,0,0,0,0,0
118,docetaxel,16,118016,6,3,0,58,0,-3.963,0.1896910393712921,97.68,7.8318158451928,0,0,0,0,0
118,docetaxel,19,118019,6,2,0,58,0,-6.425,0.0,93.81,3.8589290700925325,0,0,0,0,0
118,docetaxel,23,118023,6,1,0,58,0,-0.905,0.42530241158794974,75.47,2.1778660256037,0,0,0,0,0
118,docetaxel,26,118026,6,3,0,58,0,6.554,1.0,99.24,17.439255617972865,0,0,0,0,0
118,docetaxel,27,118027,6,3,0,58,0,6.554,1.0,96.01,12.688138393459154,0,0,0,0,0
118,docetaxel,28,118028,6,1,0,58,0,1.099,0.579705678403575,73.66,2.25678132695028,0,0,0,0,0
118,docetaxel,36,118036,6,3,0,58,0,-2.602,0.2945527390399877,84.93,9.573857163845075,0,0,0,0,0
118,docetaxel,40,118040,6,1,0,58,0,-1.615,0.37059865937283304,83.49,6.22043626288656,0,0,0,0,0
118,docetaxel,43,118043,6,1,0,58,0,-2.246,0.32198166268587725,84.53,5.38962441784161,0,0,0,0,0
118,docetaxel,56,118056,6,3,0,58,0,-3.596,0.21796748593882426,103.7,21.069586772422834,1,0,0,1,3
118,docetaxel,57,118057,6,3,0,58,0,-3.596,0.21796748593882426,,20.506702318096966,1,0,0,1,3
118,docetaxel,58,118058,6,3,0,58,0,-3.596,0.21796748593882426,,22.431008951550996,1,0,0,1,3
123,ebastine,7,123007,6,1,0,34,0,0.007,0.5970425138632162,75.64,2.15056215073684,0,0,0,0,0
123,ebastine,15,123015,6,1,0,34,0,-4.771,0.17648094357891028,94.14,6.79688842031538,0,0,0,0,0
123,ebastine,16,123016,6,2,0,34,0,-6.776,0.0,99.14,16.17309091370055,0,0,0,0,0
123,ebastine,17,123017,6,2,0,34,0,3.168,0.8752750638148049,89.19,16.81674218708555,0,0,0,0,0
123,ebastine,19,123019,6,2,0,34,0,3.168,0.8752750638148049,88.93,15.9247769177883,0,0,0,0,0
123,ebastine,20,123020,6,2,0,34,0,-6.776,0.0,98.27,17.01752139842465,0,0,0,0,0
123,ebastine,21,123021,6,2,0,34,0,4.585,1.0,90.35,14.6907428137722,1,0,0,1,3
123,ebastine,22,123022,6,2,0,34,0,-0.54,0.5488953437197429,88.47,14.94352683745415,0,0,0,0,0
123,ebastine,32,123032,6,3,0,34,0,1.571,0.73470645189684,101.54,23.60346939621823,0,0,0,0,0
123,ebastine,33,123033,6,3,0,34,0,1.571,0.73470645189684,101.37,22.810261281155036,0,0,0,0,0
123,ebastine,34,123034,6,3,0,34,0,1.571,0.73470645189684,101.92,23.495092239009036,0,0,0,0,0
130,erythromycin,1,130001,6,2,0,49,0,-3.305,0.30386205683117795,94.79,8.038776252846445,0,0,0,0,0
130,erythromycin,2,130002,6,1,0,49,0,-3.002,0.3305181666226797,93.6,7.90040933048753,0,0,0,0,0
130,erythromycin,3,130003,6,1,0,49,0,-3.716,0.2677047593912202,87.6,0.249125234630862,0,0,0,0,0
130,erythromycin,4,130004,6,2,0,49,0,-2.928,0.33702823964106626,93.23,9.553388264008259,0,0,0,0,0
130,erythromycin,5,130005,6,1,0,49,0,-2.426,0.3811911674144453,90.89,3.45728121015514,0,0,0,0,0
130,erythromycin,8,130008,6,1,0,49,0,-0.198,0.5771971496437054,88.23,0.0,0,0,0,0,0
130,erythromycin,9,130009,6,1,0,49,0,-0.799,0.5243247998592416,95.45,3.59572355562937,0,0,0,0,0
130,erythromycin,11,130011,6,1,0,49,0,-2.098,0.41004662619864524,89.46,1.36316145222684,0,0,0,0,0
130,erythromycin,12,130012,6,1,0,49,0,0.112,0.6044690771531627,93.88,0.0893910627103563,0,0,0,0,0
130,erythromycin,13,130013,6,2,0,49,0,0.989,0.6816222398170141,91.39,4.966796003457185,0,0,0,0,0
130,erythromycin,14,130014,6,1,0,49,0,-1.916,0.4260578868654878,92.67,7.60648079460548,0,0,0,0,0
130,erythromycin,15,130015,6,3,0,49,0,-4.42,0.20577109175684,101.32,11.32006477282105,0,0,0,0,0
130,erythromycin,16,130016,6,1,0,49,0,-1.813,0.4351192047154043,89.38,2.3226404248011,0,0,0,0,0
130,erythromycin,19,130019,6,3,0,49,0,-5.224,0.1350400281516671,98.2,16.307773139045167,0,0,0,0,0
130,erythromycin,22,130022,6,3,0,49,0,-4.777,0.17436438814111024,99.74,12.448927560555987,0,0,0,0,0
130,erythromycin,23,130023,6,3,0,49,0,-4.447,0.20339579484472597,101.21,7.646683940442827,0,0,0,0,0
130,erythromycin,25,130025,6,3,0,49,0,-5.206,0.13662355942640977,98.24,15.01029588391009,0,0,0,0,0
130,erythromycin,26,130026,6,3,0,49,0,-4.868,0.1663587578076889,100.66,13.505354048217248,0,0,0,0,0
130,erythromycin,28,130028,6,2,0,49,0,-2.67,0.3597255212457113,96.8,12.2520457458829,0,0,0,0,0
130,erythromycin,29,130029,6,2,0,49,0,-4.977,0.15676959619952494,99.91,11.692812141636338,0,0,0,0,0
130,erythromycin,31,130031,6,3,0,49,0,-4.822,0.17040555995425355,100.4,20.4625983427555,0,0,0,0,0
130,erythromycin,32,130032,6,1,0,49,0,-4.932,0.1607284243863816,89.96,10.6655951748476,0,0,0,0,0
130,erythromycin,33,130033,6,1,0,49,0,-3.404,0.29515263482009324,87.46,1.17501747908177,0,0,0,0,0
130,erythromycin,34,130034,6,3,0,49,0,-3.963,0.24597519134336238,99.2,16.513150496188146,0,0,0,0,0
130,erythromycin,37,130037,6,3,0,49,0,-4.011,0.2417524412773819,99.7,22.771058909238235,0,0,0,0,0
130,erythromycin,38,130038,6,3,0,49,0,3.042,0.8622327790973872,96.42,19.890973609379035,0,0,0,0,0
130,erythromycin,39,130039,6,1,0,49,0,-1.659,0.4486671945104249,93.42,0.00252464037019604,0,0,0,0,0
130,erythromycin,40,130040,6,1,0,49,0,-5.114,0.14471716371953905,91.66,2.95478577421298,0,0,0,0,0
130,erythromycin,42,130042,6,1,0,49,0,-4.362,0.2108735814198997,92.93,3.13001022071346,0,0,0,0,0
130,erythromycin,43,130043,6,1,0,49,0,3.448,0.8979502067388053,92.07,2.05946026164509,0,0,0,0,0
130,erythromycin,44,130044,6,2,0,49,0,-6.759,0.0,99.57,9.886604125713855,0,0,0,0,0
130,erythromycin,45,130045,6,3,0,49,0,-4.354,0.21157737309756314,102.88,20.465702563517866,0,0,0,0,0
130,erythromycin,48,130048,6,3,0,49,0,4.608,1.0,92.8,21.237440566551033,1,0,0,1,3
130,erythromycin,49,130049,6,3,0,49,0,4.608,1.0,92.81,21.305039437584764,1,0,0,1,3
137,etoposide,1,137001,6,1,0,42,0,-5.714,0.0,82.72,11.082601255814,0,0,0,0,0
137,etoposide,3,137003,6,1,0,42,0,-1.604,0.3836818521284541,85.63,14.9997213177473,0,0,0,0,0
137,etoposide,7,137007,6,1,0,42,0,-1.56,0.38778939507094845,90.82,0.718220851585452,0,0,0,0,0
137,etoposide,11,137011,6,1,0,42,0,0.239,0.5557318894697536,84.3,10.1110557215324,0,0,0,0,0
137,etoposide,14,137014,6,2,0,42,0,1.674,0.6896938013442868,96.81,15.36336133044125,0,0,0,0,0
137,etoposide,25,137025,6,1,0,42,0,-0.609,0.4765683345780434,91.09,3.6331179575205,0,0,0,0,0
137,etoposide,27,137027,6,2,0,42,0,4.998,1.0,90.96,37.649735724450295,0,0,0,0,0
137,etoposide,29,137029,6,3,0,42,0,3.675,0.8764936519790888,96.98,24.775213476064334,1,0,0,1,3
137,etoposide,30,137030,6,3,0,42,0,3.675,0.8764936519790888,96.51,24.695842727646934,1,0,0,1,3
137,etoposide,32,137032,6,1,0,42,0,-3.739,0.18437266616878273,92.36,15.0764932268269,0,0,0,0,0
137,etoposide,33,137033,6,1,0,42,0,-2.275,0.32104182225541456,91.65,8.08223111739488,0,0,0,0,0
137,etoposide,34,137034,6,1,0,42,0,-4.149,0.14609783420463035,93.91,15.8824881095643,0,0,0,0,0
137,etoposide,36,137036,6,1,0,42,0,-2.192,0.32879014189693806,92.93,2.36521670962932,0,0,0,0,0
137,etoposide,37,137037,6,2,0,42,0,2.144,0.7335698282300225,95.02,13.9666062722078,0,0,0,0,0
137,etoposide,41,137041,6,1,0,42,0,-1.702,0.3745332337565348,91.61,29.3994765972586,0,0,0,0,0
137,etoposide,42,137042,6,3,0,42,0,-3.252,0.2298356982823003,104.27,27.326995162715402,0,0,0,0,0
142,fentanyl,2,142002,6,2,0,25,0,-0.24,0.6137675540622038,85.59,17.00906934525885,0,0,0,0,0
142,fentanyl,8,142008,6,2,0,25,0,4.243,1.0,90.8,14.6909342156707,1,0,0,1,3
142,fentanyl,10,142010,6,2,0,25,0,2.991,0.8921340570345482,90.76,16.81139552916075,0,0,0,0,0
142,fentanyl,11,142011,6,2,0,25,0,-7.364,0.0,99.19,12.533032651604305,0,0,0,0,0
142,fentanyl,12,142012,6,1,0,25,0,0.059,0.6395278711122598,92.81,5.30873185343379,0,0,0,0,0
142,fentanyl,14,142014,6,2,0,25,0,-7.364,0.0,99.32,12.449973765282564,0,0,0,0,0
142,fentanyl,15,142015,6,2,0,25,0,2.991,0.8921340570345482,90.95,16.03892366315555,0,0,0,0,0
142,fentanyl,24,142024,6,2,0,25,0,-2.706,0.40130955457913325,91.07,16.44273386554285,0,0,0,0,0
142,fentanyl,25,142025,6,3,0,25,0,-5.128,0.19264237098302747,101.49,30.597843849928235,0,0,0,0,0
158,halofantrine,15,158015,6,1,0,33,0,-5.601,0.19300497352799614,79.68,9.61767497688695,0,0,0,0,0
158,halofantrine,16,158016,6,2,0,33,0,-2.343,0.4543558479063052,98.48,8.471254946331324,0,0,0,0,0
158,halofantrine,17,158017,6,2,0,33,0,4.225,0.9812289427242098,92.37,7.190333095359575,0,0,0,0,0
158,halofantrine,19,158019,6,2,0,33,0,4.459,1.0,92.98,9.517347331816175,1,0,0,1,3
158,halofantrine,20,158020,6,2,0,33,0,-3.082,0.39507460291994223,96.49,11.3233273999454,0,0,0,0,0
158,halofantrine,21,158021,6,2,0,33,0,-2.96,0.40486122252526874,96.65,23.1879010111614,0,0,0,0,0
158,halofantrine,22,158022,6,3,0,33,0,-4.874,0.2513236001925237,101.5,27.21595548666457,0,0,0,0,0
158,halofantrine,23,158023,6,2,0,33,0,4.459,1.0,92.74,9.91593627356479,1,0,0,1,3
158,halofantrine,24,158024,6,2,0,33,0,-3.082,0.39507460291994223,96.68,11.924316473175601,0,0,0,0,0
158,halofantrine,25,158025,6,2,0,33,0,-2.96,0.40486122252526874,97.08,23.6846268094979,0,0,0,0,0
158,halofantrine,26,158026,6,3,0,33,0,-4.874,0.2513236001925237,101.47,29.350063891135136,0,0,0,0,0
159,haloperidol,1,159001,6,2,0,26,0,3.002,0.8875897778520127,91.47,14.59975845389455,0,1,0,1,2
159,haloperidol,2,159002,6,2,0,26,0,-6.68,0.07900450977117092,100.57,17.8556610927875,0,0,0,0,0
159,haloperidol,4,159004,6,2,0,26,0,-6.68,0.07900450977117092,98.37,17.78879612830115,0,0,0,0,0
159,haloperidol,5,159005,6,2,0,26,0,3.002,0.8875897778520127,90.54,13.812742787962,0,1,0,1,2
159,haloperidol,7,159007,6,2,0,26,0,4.348,1.0,91.05,13.4498237261169,1,0,0,1,3
159,haloperidol,16,159016,6,2,0,26,0,-2.546,0.4242525471855687,99.04,14.667420973742349,0,0,0,0,0
159,haloperidol,17,159017,6,2,0,26,0,-0.448,0.5994655086019709,88.84,17.2158639028884,0,0,0,0,0
163,iloperidone,11,163011,6,1,0,31,0,,,85.15,,0,0,0,0,0
163,iloperidone,12,163012,6,2,0,31,0,,,100.0,,0,0,0,0,0
163,iloperidone,13,163013,6,2,0,31,0,,,90.81,,0,0,0,0,0
163,iloperidone,15,163015,6,2,0,31,0,,,91.34,,0,0,0,0,0
163,iloperidone,16,163016,6,2,0,31,0,,,99.66,,0,0,0,0,0
163,iloperidone,17,163017,6,2,0,31,0,,,91.02,,0,0,0,0,0
163,iloperidone,18,163018,6,2,0,31,0,,,98.3,,0,0,0,0,0
163,iloperidone,19,163019,6,2,0,31,0,,,94.49,,0,0,0,0,0
163,iloperidone,29,163029,6,3,0,31,0,,,97.24,,1,0,0,1,3
163,iloperidone,31,163031,6,3,0,31,0,,,95.21,,0,0,0,0,0
167,indinavir,2,167002,6,1,0,45,0,-1.421,0.3610296205167029,78.25,16.4063476049733,0,0,0,0,0
167,indinavir,5,167005,6,1,0,45,0,-2.772,0.233178764076843,90.92,24.1231709179235,0,0,0,0,0
167,indinavir,7,167007,6,2,0,45,0,2.986,0.7780827103245954,85.0,23.888527326899748,0,0,1,1,1
167,indinavir,13,167013,6,1,0,45,0,-3.045,0.20734361692060185,89.57,1.69105945147605,0,0,0,0,0
167,indinavir,15,167015,6,2,0,45,0,-0.161,0.48026876123781587,86.61,14.6436546613057,0,0,0,0,0
167,indinavir,16,167016,6,2,0,45,0,-2.692,0.24074950317024696,98.43,6.116861708673035,0,0,0,0,0
167,indinavir,18,167018,6,1,0,45,0,-2.941,0.21718557774202704,88.62,3.58247727159502,0,0,0,0,0
167,indinavir,21,167021,6,2,0,45,0,4.432,0.9149238194378725,90.12,6.068475590817645,0,0,0,0,0
167,indinavir,27,167027,6,1,0,45,0,2.897,0.7696602630831834,87.38,9.39682164919878,0,0,0,0,0
167,indinavir,28,167028,6,2,0,45,0,2.675,0.7486514620989874,89.62,10.33214962451052,0,0,0,0,0
167,indinavir,29,167029,6,2,0,45,0,2.674,0.7485568278603199,91.76,8.72734733623738,0,0,0,0,0
167,indinavir,31,167031,6,2,0,45,0,2.707,0.751679757736349,90.97,11.94488851411025,0,0,0,0,0
167,indinavir,35,167035,6,2,0,45,0,5.331,1.0,80.75,17.39016032801555,1,0,0,1,3
167,indinavir,38,167038,6,3,0,45,0,1.911,0.6763509037569793,102.9,19.1120248907624,0,0,0,0,0
167,indinavir,39,167039,6,3,0,45,0,1.911,0.6763509037569793,102.95,16.777105842789567,0,0,0,0,0
167,indinavir,40,167040,6,3,0,45,0,1.911,0.6763509037569793,102.79,18.36192253778737,0,0,0,0,0
178,laam,2,178002,6,2,0,26,0,-2.851,0.23981853799360756,94.53,1.91774331704307,0,0,0,0,0
178,laam,3,178003,6,1,0,26,0,-0.329,0.49984534488091553,94.84,0.917324565522281,0,0,0,0,0
178,laam,6,178006,6,1,0,26,0,4.325,0.9796886276935766,88.11,1.45190823563087,0,0,0,0,0
178,laam,8,178008,6,2,0,26,0,-2.516,0.2743581812557995,96.63,10.296172515042116,0,0,0,0,0
178,laam,14,178014,6,3,0,26,0,-5.177,0.0,99.86,17.914081400892233,0,0,0,0,0
178,laam,20,178020,6,3,0,26,0,4.522,1.0,90.29,19.684048457094203,1,0,0,1,3
178,laam,21,178021,6,3,0,26,0,4.522,1.0,90.15,19.665025057111432,1,0,0,1,3
178,laam,25,178025,6,3,0,26,0,-4.739,0.04515929477265695,100.89,23.697425874245635,0,0,0,0,0
178,laam,26,178026,6,3,0,26,0,-4.042,0.11702237344056086,97.27,27.8866228810855,0,0,0,0,0
182,lilopristone,1,182001,6,3,0,33,0,2.278,1.0,90.21,28.101244716200437,1,0,0,1,3
182,lilopristone,3,182003,6,3,0,33,0,2.278,1.0,90.13,28.103308299085835,1,0,0,1,3
182,lilopristone,10,182010,6,1,0,33,0,-2.82,0.5040373577196224,71.4,4.39611157736837,0,0,0,0,0
182,lilopristone,12,182012,6,1,0,33,0,-2.924,0.4939196419885203,74.51,3.49648474652063,0,0,0,0,0
182,lilopristone,13,182013,6,1,0,33,0,-7.934,0.006518143788306186,90.31,0.951896800893904,0,0,0,0,0
182,lilopristone,15,182015,6,2,0,33,0,-7.992,0.0008755715536530259,95.45,5.01504630320318,0,0,0,0,0
182,lilopristone,18,182018,6,2,0,33,0,1.049,0.8804358400622627,83.89,21.3861284350456,0,0,0,0,0
182,lilopristone,19,182019,6,2,0,33,0,-8.001,0.0,98.16,17.565190732957902,0,0,0,0,0
182,lilopristone,20,182020,6,2,0,33,0,-1.667,0.6162078023154003,82.78,14.617354831078451,0,0,0,0,0
182,lilopristone,21,182021,6,2,0,33,0,-5.202,0.2723027531861075,88.57,27.4351946570729,0,0,0,0,0
182,lilopristone,26,182026,6,2,0,33,0,-7.092,0.08843272691896097,95.47,21.5787633757193,0,0,0,0,0
182,lilopristone,27,182027,6,2,0,33,0,-7.925,0.007393715341959298,96.28,16.6682605573629,0,0,0,0,0
182,lilopristone,28,182028,6,3,0,33,0,-5.489,0.2443817491973927,99.66,10.720541525234509,0,0,0,0,0
182,lilopristone,32,182032,6,2,0,33,0,1.558,0.9299542757077536,77.55,31.0161191276799,0,0,0,0,0
187,loratadine,7,187007,6,2,0,27,0,1.048,0.9104788341429563,84.24,21.26201874404035,0,0,0,0,0
187,loratadine,8,187008,6,2,0,27,0,0.815,0.870055517002082,85.1,18.2576216659506,0,0,0,0,0
187,loratadine,17,187017,6,2,0,27,0,-1.264,0.5093684941013185,82.32,13.459710204557549,0,0,0,0,0
187,loratadine,18,187018,6,2,0,27,0,-0.573,0.6292505204718946,92.66,18.97841351673255,0,0,0,0,0
187,loratadine,20,187020,6,2,0,27,0,-0.573,0.6292505204718946,92.37,18.5060943081298,0,0,0,0,0
187,loratadine,21,187021,6,2,0,27,0,-1.264,0.5093684941013185,81.17,11.91273311118835,0,0,0,0,0
187,loratadine,24,187024,6,2,0,27,0,0.947,0.8929562803608605,95.84,28.4764293378141,1,0,0,1,3
187,loratadine,25,187025,6,3,0,27,0,-4.106,0.01630811936155453,102.67,31.947406406691332,0,0,0,0,0
189,lovastatin,1,189001,6,2,0,29,0,-6.886,0.014719566872514973,97.15,13.665427843036813,0,0,0,0,0
189,lovastatin,2,189002,6,1,0,29,0,4.761,1.0,70.82,22.42745253603,1,0,0,1,3
189,lovastatin,4,189004,6,1,0,29,0,-4.796,0.19152355976651717,97.4,7.69961924412349,0,0,0,0,0
189,lovastatin,6,189006,6,1,0,29,0,-1.345,0.48346163607139836,81.17,5.39256557421634,0,0,0,0,0
189,lovastatin,9,189009,6,1,0,29,0,4.234,0.9554183233229,77.94,11.9731558381911,0,0,0,0,0
189,lovastatin,10,189010,6,1,0,29,0,-7.06,0.0,94.92,3.01119357660958,0,0,0,0,0
189,lovastatin,11,189011,6,3,0,29,0,-4.973,0.17655020725826917,101.68,25.2424164450141,0,0,0,0,0
189,lovastatin,13,189013,6,3,0,29,0,-5.052,0.16986718551729973,100.63,20.5368307782727,0,0,0,0,0
189,lovastatin,14,189014,6,2,0,29,0,-2.924,0.3498857964639201,97.31,2.0820290805119304,0,0,0,0,0
189,lovastatin,15,189015,6,2,0,29,0,-2.692,0.36951188562727344,97.87,9.427378753026211,0,0,0,0,0
189,lovastatin,16,189016,6,1,0,29,0,-4.338,0.23026816682175785,91.0,7.90525441643079,0,0,0,0,0
189,lovastatin,17,189017,6,2,0,29,0,-6.172,0.07512054817697318,97.52,14.307835297656151,0,0,0,0,0
189,lovastatin,20,189020,6,1,0,29,0,-6.225,0.07063700194568988,91.22,24.5173236227307,0,0,0,0,0
189,lovastatin,22,189022,6,2,0,29,0,-5.731,0.11242703662972674,91.66,24.0489206651185,0,0,0,0,0
189,lovastatin,25,189025,6,1,0,29,0,-2.549,0.3816090009305473,85.89,10.0029673451358,0,0,0,0,0
189,lovastatin,27,189027,6,2,0,29,0,-3.102,0.3348278487437611,96.25,15.48749429782125,0,0,0,0,0
189,lovastatin,28,189028,6,3,0,29,0,-5.063,0.16893663818627866,101.69,18.270562708049333,0,0,0,0,0
189,lovastatin,29,189029,6,3,0,29,0,-5.107,0.16521444886219436,100.34,22.921731072267164,0,0,0,0,0
200,midazolam,12,200012,6,3,0,23,0,1.042,0.7793476199506922,87.12,25.53614681456213,1,0,0,1,3
200,midazolam,15,200015,6,2,0,23,0,3.369,1.0,73.4,26.699685362332453,0,1,0,1,2
212,nifedipine,7,212007,6,1,0,25,0,5.089,1.0,75.88,7.71722202737047,1,0,0,1,3
212,nifedipine,13,212013,6,3,0,25,0,4.927,0.99119900038029,89.01,25.556536937674633,0,0,0,0,0
212,nifedipine,14,212014,6,3,0,25,0,4.927,0.99119900038029,88.48,25.553215402213734,0,0,0,0,0
212,nifedipine,21,212021,6,3,0,25,0,4.454,0.965502254577063,97.86,29.01345794780977,0,0,0,0,0
212,nifedipine,24,212024,6,3,0,25,0,4.454,0.965502254577063,97.86,29.036186880389398,0,0,0,0,0
219,onapristone,1,219001,6,3,0,33,0,2.278,1.0,90.11,27.2888664572012,1,0,0,1,3
219,onapristone,3,219003,6,3,0,33,0,2.278,1.0,90.11,27.269097651921697,1,0,0,1,3
219,onapristone,10,219010,6,1,0,33,0,-3.087,0.49548617641527176,72.03,5.4879142145198,0,0,0,0,0
219,onapristone,12,219012,6,1,0,33,0,-3.196,0.48523603535828475,66.56,6.16473378963102,0,0,0,0,0
219,onapristone,13,219013,6,1,0,33,0,-8.356,0.0,82.51,1.10367392214611,0,0,0,0,0
219,onapristone,15,219015,6,2,0,33,0,-8.231,0.0117547489185631,94.81,7.32420034899371,0,0,0,0,0
219,onapristone,18,219018,6,2,0,33,0,0.968,0.8768102313334587,83.34,23.95069238412335,0,0,0,0,0
219,onapristone,19,219019,6,2,0,33,0,-8.096,0.024449877750611228,98.37,13.05630917076972,0,0,0,0,0
219,onapristone,20,219020,6,2,0,33,0,-1.731,0.6230016926838442,81.89,13.68611432946605,0,0,0,0,0
219,onapristone,21,219021,6,2,0,33,0,-5.24,0.2930223810419409,88.04,27.01105188609275,0,0,0,0,0
219,onapristone,26,219026,6,2,0,33,0,-8.314,0.003949595636637184,94.76,18.476626944101,0,0,0,0,0
219,onapristone,27,219027,6,2,0,33,0,-8.306,0.004701899567425306,95.55,18.01477868033065,0,0,0,0,0
219,onapristone,28,219028,6,3,0,33,0,-5.71,0.24882452510814368,100.35,12.586019181681044,0,0,0,0,0
219,onapristone,29,219029,6,2,0,33,0,-3.655,0.4420725973293211,96.37,6.838940067762335,0,0,0,0,0
219,onapristone,31,219031,6,2,0,33,0,-2.526,0.548241489561783,96.4,14.33205134689685,0,0,0,0,0
219,onapristone,32,219032,6,2,0,33,0,0.605,0.8426744404739515,94.44,22.5396020003564,0,0,0,0,0
235,pimozide,11,235011,6,1,0,34,0,-1.804,0.4233983286908078,93.5,5.81420075854208,0,0,0,0,0
235,pimozide,12,235012,6,2,0,34,0,-6.364,0.0,100.34,18.0332615266713,0,0,0,0,0
235,pimozide,13,235013,6,2,0,34,0,3.168,0.8850510677808728,91.01,15.024895810483649,0,0,0,0,0
235,pimozide,15,235015,6,2,0,34,0,3.168,0.8850510677808728,90.78,13.910423570708051,0,0,0,0,0
235,pimozide,16,235016,6,2,0,34,0,-6.364,0.0,100.55,18.30899913732305,0,0,0,0,0
235,pimozide,17,235017,6,2,0,34,0,4.214,0.9821727019498607,91.2,13.84830846742145,1,0,0,1,3
235,pimozide,18,235018,6,2,0,34,0,-3.27,0.2872794800371402,,10.51120507793945,0,0,0,0,0
235,pimozide,19,235019,6,2,0,34,0,-3.095,0.3035283194057567,96.24,11.11637770708025,0,0,0,0,0
235,pimozide,20,235020,6,1,0,34,0,-3.223,0.2916434540389972,,4.18089138460626,0,0,0,0,0
240,propafenone,2,240002,6,2,0,25,0,0.985,0.6265060240963856,85.65,19.078424787123602,0,0,0,0,0
240,propafenone,8,240008,6,2,0,25,0,-0.284,0.4958294717330862,88.52,14.9410320858962,0,0,0,0,0
240,propafenone,18,240018,6,2,0,25,0,1.763,0.7066213572237668,94.65,13.21251791989475,0,0,0,0,0
240,propafenone,19,240019,6,1,0,25,0,-1.795,0.34023272577489444,88.64,12.9534744308944,0,0,0,0,0
240,propafenone,20,240020,6,2,0,25,0,4.612,1.0,90.42,13.840289899932202,0,0,0,0,0
240,propafenone,23,240023,6,2,0,25,0,4.205,0.958088765317681,91.3,17.6853772993036,1,0,0,1,3
240,propafenone,24,240024,6,2,0,25,0,-3.389,0.1760889712696942,97.68,23.609334435732748,0,0,0,0,0
240,propafenone,25,240025,6,3,0,25,0,-5.099,0.0,100.64,28.640335604896165,0,0,0,0,0
245,quinidine,11,245011,6,1,0,24,0,-7.13,0.06079383687824485,84.79,6.04338563019581,0,0,0,0,0
245,quinidine,12,245012,6,1,0,24,0,3.091,0.9166806230112208,93.4,3.42902354767968,0,0,0,0,0
245,quinidine,14,245014,6,2,0,24,0,2.685,0.8826829676771061,95.77,14.174096572433054,0,0,0,0,0
245,quinidine,15,245015,6,1,0,24,0,4.086,1.0,79.44,14.2130123173247,1,0,0,1,3
245,quinidine,16,245016,6,1,0,24,0,-7.453,0.033746441132138635,100.2,20.4950326964365,0,0,0,0,0
245,quinidine,17,245017,6,2,0,24,0,-7.775,0.006782783453357856,96.9,12.460149106472759,0,0,0,0,0
245,quinidine,20,245020,6,2,0,24,0,-7.856,0.0,97.4,25.25430409255805,0,0,0,0,0
245,quinidine,21,245021,6,2,0,24,0,2.629,0.8779936359068832,97.33,23.47133137568275,0,0,0,0,0
245,quinidine,23,245023,6,3,0,24,0,3.374,0.9403784960643109,97.37,29.43290396735833,0,0,0,0,0
267,salmeterol,8,267008,6,2,0,30,0,1.777,0.6539356102338106,82.23,24.62377933212605,0,0,0,0,0
267,salmeterol,10,267010,6,1,0,30,0,-2.247,0.16134165748561635,78.93,15.6377832069961,0,0,0,0,0
267,salmeterol,11,267011,6,2,0,30,0,4.604,1.0,90.61,15.27093883083495,0,0,0,0,0
267,salmeterol,14,267014,6,2,0,30,0,4.152,0.9446688701187416,92.65,18.6144178962319,0,0,0,0,0
267,salmeterol,15,267015,6,2,0,30,0,-3.46,0.012853470437017992,97.75,18.3352288964544,0,0,0,0,0
267,salmeterol,16,267016,6,2,0,30,0,-3.25,0.03856041131105398,96.74,15.63712901427475,0,0,0,0,0
267,salmeterol,17,267017,6,2,0,30,0,-3.018,0.06696046027665567,97.64,13.83528014356625,0,0,0,0,0
267,salmeterol,18,267018,6,2,0,30,0,-2.477,0.13318643652833884,97.75,21.240418811912498,0,0,0,0,0
267,salmeterol,19,267019,6,2,0,30,0,0.606,0.5105888113600195,92.92,20.2458796448787,0,0,0,0,0
267,salmeterol,21,267021,6,2,0,30,0,0.633,0.5138939894723956,93.93,20.434411204964398,0,0,0,0,0
267,salmeterol,22,267022,6,2,0,30,0,-2.307,0.1539968172358918,97.9,16.093486869562252,0,0,0,0,0
267,salmeterol,23,267023,6,2,0,30,0,-2.769,0.09744154731301258,97.5,14.4330367311758,0,0,0,0,0
267,salmeterol,24,267024,6,2,0,30,0,0.018,0.4386093769127188,85.36,21.138513731105448,1,0,0,1,3
268,saquinavir,2,268002,6,1,0,49,0,2.798,0.8972306076912981,85.57,7.47975705327372,0,0,0,0,0
268,saquinavir,3,268003,6,2,0,49,0,2.534,0.8799054994093715,91.45,8.928609002075495,0,0,0,0,0
268,saquinavir,4,268004,6,2,0,49,0,4.364,1.0,94.31,5.4154453385150845,0,0,0,0,0
268,saquinavir,5,268005,6,2,0,49,0,-8.221,0.17410421315133223,97.85,10.419262284110674,0,0,0,0,0
268,saquinavir,7,268007,6,1,0,49,0,-8.141,0.17935424596403732,95.24,15.0733239298785,0,0,0,0,0
268,saquinavir,8,268008,6,1,0,49,0,-3.191,0.5042000262501641,89.72,4.70083278668895,0,0,0,0,0
268,saquinavir,9,268009,6,1,0,49,0,-7.959,0.1912980706129414,95.29,16.3048000381143,0,0,0,0,0
268,saquinavir,12,268012,6,2,0,49,0,-8.023,0.18709804436277733,96.43,12.402559243905095,1,0,0,1,3
268,saquinavir,13,268013,6,1,0,49,0,-3.098,0.5103031893949338,89.8,2.74473662144236,0,0,0,0,0
268,saquinavir,15,268015,6,2,0,49,0,-8.127,0.18027300170626065,97.53,19.04147741567315,0,0,0,0,0
268,saquinavir,17,268017,6,2,0,49,0,-8.019,0.18736054600341256,97.84,24.68796299622365,0,0,0,0,0
268,saquinavir,18,268018,6,2,0,49,0,-0.648,0.6710854442840268,87.03,9.931265140634185,0,0,0,0,0
268,saquinavir,20,268020,6,2,0,49,0,-7.972,0.19044494028087677,97.38,25.358293989133102,0,0,0,0,0
268,saquinavir,21,268021,6,3,0,49,0,1.905,0.8386271164194776,102.96,20.050853177180365,0,0,0,0,0
268,saquinavir,22,268022,6,3,0,49,0,1.905,0.8386271164194776,102.54,16.936792022561367,0,0,0,0,0
268,saquinavir,23,268023,6,3,0,49,0,1.905,0.8386271164194776,101.56,17.684862032889267,0,0,0,0,0
268,saquinavir,28,268028,6,1,0,49,0,-2.904,0.5230345189657436,86.62,6.03150123538306,0,0,0,0,0
268,saquinavir,33,268033,6,2,0,49,0,-2.865,0.5255939099619373,94.46,14.901599326903401,0,0,0,0,0
271,seratrodast,1,271001,6,1,0,26,0,0.075,0.4373447419265802,,1.30199173390631,0,0,0,0,0
271,seratrodast,9,271009,6,2,0,26,0,-2.044,0.14490753519182994,97.78,9.23910732927612,0,0,0,0,0
271,seratrodast,17,271017,6,3,0,26,0,4.152,1.0,83.08,26.8651182423486,1,0,0,1,3
271,seratrodast,18,271018,6,3,0,26,0,4.15,0.9997239856472535,82.64,26.081068814322865,0,0,0,0,0
271,seratrodast,19,271019,6,3,0,26,0,4.152,1.0,,20.0222726921837,0,0,0,0,0
271,seratrodast,20,271020,6,2,0,26,0,-2.77,0.04471432514490751,95.57,11.02326580636665,0,0,0,0,0
271,seratrodast,21,271021,6,2,0,26,0,-3.071,0.003174165056582899,96.47,15.094325448301,0,0,0,0,0
271,seratrodast,22,271022,6,2,0,26,0,-3.094,0.0,98.66,16.1647469459711,0,0,0,0,0
271,seratrodast,23,271023,6,2,0,26,0,-2.199,0.12351642285398841,91.63,22.01975097708665,0,0,0,0,0
280,tamoxifen,6,280006,6,2,0,28,0,-0.746,0.4182825484764543,78.31,14.7033119163838,0,1,0,1,2
280,tamoxifen,13,280013,6,3,0,28,0,-4.672,0.0,101.19,23.747270938449034,0,0,0,0,0
280,tamoxifen,24,280024,6,2,0,28,0,1.098,0.6147453654378863,93.65,17.1493277402773,0,0,0,0,0
280,tamoxifen,25,280025,6,2,0,28,0,4.714,1.0,89.46,15.4460840444298,0,0,0,0,0
280,tamoxifen,27,280027,6,3,0,28,0,4.619,0.9898785425101215,93.2,25.7354503321697,1,0,0,1,3
280,tamoxifen,28,280028,6,3,0,28,0,4.619,0.9898785425101215,92.42,25.719676102005167,1,0,0,1,3
285,teniposide,3,285003,6,1,0,46,0,-1.604,0.35979482169027843,85.55,9.6538387194373,0,0,0,0,0
285,teniposide,5,285005,6,1,0,46,0,-5.714,0.02515876893014161,81.31,11.8236221392531,0,0,0,0,0
285,teniposide,6,285006,6,1,0,46,0,-1.56,0.3633773001139879,96.1,0.269121955301565,0,0,0,0,0
285,teniposide,7,285007,6,2,0,46,0,1.674,0.6266894642566356,97.72,17.58679695346088,0,0,0,0,0
285,teniposide,10,285010,6,1,0,46,0,0.239,0.5098518156652011,83.16,6.47179115086637,0,0,0,0,0
285,teniposide,20,285020,6,1,0,46,0,-0.609,0.4408076860446181,93.62,5.32870220989047,0,0,0,0,0
285,teniposide,27,285027,6,1,0,46,0,-3.716,0.18783585735222272,93.2,11.2057679390982,0,0,0,0,0
285,teniposide,29,285029,6,2,0,46,0,4.998,0.897329425175053,91.11,38.26614809656495,0,0,0,0,0
285,teniposide,30,285030,6,3,0,46,0,3.675,0.7896108125712425,96.56,28.215213894020135,1,0,0,1,3
285,teniposide,32,285032,6,3,0,46,0,3.675,0.7896108125712425,96.72,28.002888910115768,1,0,0,1,3
285,teniposide,33,285033,6,1,0,46,0,-2.161,0.3144439016446832,94.85,9.6055469661265,0,0,0,0,0
285,teniposide,35,285035,6,1,0,46,0,-4.092,0.15722195082234164,93.57,15.9852747434878,0,0,0,0,0
285,teniposide,36,285036,6,1,0,46,0,-2.03,0.32510991695163655,95.03,9.82566765336676,0,0,0,0,0
285,teniposide,37,285037,6,2,0,46,0,2.311,0.6785539814362481,96.69,22.3979743909089,0,0,0,0,0
285,teniposide,41,285041,6,1,0,46,0,6.259,1.0,81.03,14.1513074231769,0,0,0,0,0
287,terbinafine,11,287011,6,2,0,22,0,5.543,1.0,,13.1430141620616,1,0,0,1,3
287,terbinafine,13,287013,6,3,0,22,0,4.421,0.875277901289462,93.19,21.17429908048373,0,1,0,1,2
287,terbinafine,14,287014,6,2,0,22,0,5.355,0.9791018230324589,70.33,16.631922978603548,0,0,0,0,0
287,terbinafine,20,287020,6,3,0,22,0,-3.453,0.0,102.45,25.904907489080767,0,0,0,0,0
287,terbinafine,21,287021,6,3,0,22,0,-3.453,0.0,102.46,25.927662312356762,0,0,0,0,0
287,terbinafine,22,287022,6,3,0,22,0,-3.453,0.0,102.45,25.489397736511,0,0,0,0,0
290,terfenadine,5,290005,6,1,0,35,0,-6.519,0.0790466392318244,95.11,2.84093295180672,0,0,0,0,0
290,terfenadine,16,290016,6,2,0,35,0,-7.441,0.0,99.52,11.140190724726299,0,0,0,0,0
290,terfenadine,17,290017,6,2,0,35,0,-7.441,0.0,97.42,10.6268256739117,0,0,0,0,0
290,terfenadine,18,290018,6,2,0,35,0,2.982,0.8936042524005487,92.95,15.0627960934853,0,0,0,0,0
290,terfenadine,19,290019,6,2,0,35,0,2.982,0.8936042524005487,93.12,15.5802451529784,0,0,0,0,0
290,terfenadine,21,290021,6,2,0,35,0,4.223,1.0,93.2,15.33070124418235,0,1,0,1,2
290,terfenadine,22,290022,6,2,0,35,0,-3.327,0.3527091906721536,95.95,9.90537908851124,0,0,0,0,0
290,terfenadine,23,290023,6,2,0,35,0,-2.211,0.4483882030178327,97.36,15.7102062054275,0,0,0,0,0
290,terfenadine,24,290024,6,1,0,35,0,-0.713,0.5768175582990398,77.43,14.9707812550279,0,0,0,0,0
290,terfenadine,32,290032,6,3,0,35,0,2.528,0.8546810699588477,101.46,22.887742323399166,1,0,0,1,3
290,terfenadine,33,290033,6,3,0,35,0,2.528,0.8546810699588477,101.45,22.08465463796317,1,0,0,1,3
290,terfenadine,34,290034,6,3,0,35,0,2.528,0.8546810699588477,101.92,23.05696334816987,1,0,0,1,3
292,testosterone,1,292001,6,2,0,21,0,-5.424,0.32787429456678097,89.85,24.2709247239481,0,0,1,1,1
292,testosterone,6,292006,6,2,0,21,0,-7.299,0.12039393604072147,97.41,15.254920154450101,0,0,0,0,0
292,testosterone,7,292007,6,2,0,21,0,0.65,1.0,80.04,20.780085360612347,1,0,0,1,3
292,testosterone,8,292008,6,2,0,21,0,-8.279,0.011950868651101088,98.29,16.14935777288505,0,0,0,0,0
292,testosterone,9,292009,6,1,0,21,0,-8.387,0.0,95.6,2.32228650198785,0,0,0,0,0
292,testosterone,10,292010,6,1,0,21,0,-8.193,0.021467301095496383,93.97,3.8491155461585,0,0,0,0,0
292,testosterone,11,292011,6,1,0,21,0,-8.252,0.014938585813876262,90.34,7.2734590044333,0,0,0,0,0
292,testosterone,13,292013,6,2,0,21,0,-8.262,0.013832023901737302,98.48,18.796262138519403,0,0,0,0,0
292,testosterone,14,292014,6,2,0,21,0,-8.383,0.00044262476485574143,95.47,10.34013527557211,0,0,0,0,0
292,testosterone,15,292015,6,2,0,21,0,-8.288,0.010954962930175964,96.59,18.00684468389795,0,1,0,1,2
292,testosterone,16,292016,6,2,0,21,0,-7.38,0.11143078455239576,96.51,26.4031508545443,0,0,1,1,1
292,testosterone,17,292017,6,1,0,21,0,-7.266,0.12404559035078017,91.21,17.0245872336741,0,0,1,1,1
292,testosterone,18,292018,6,3,0,21,0,-5.433,0.32687838884585596,100.2,17.0846045938304,0,0,0,0,0
292,testosterone,19,292019,6,3,0,21,0,-5.6,0.3083988049131349,100.48,15.696188507321565,0,0,0,0,0
309,verapamil,10,309010,6,1,0,33,0,0.947,0.5182596291012839,94.22,9.72650676509896,0,0,0,0,0
309,verapamil,11,309011,6,3,0,33,0,-0.797,0.26947218259629097,102.16,20.436789599987833,0,0,0,0,0
309,verapamil,12,309012,6,3,0,33,0,-0.797,0.26947218259629097,100.81,21.313347835663166,0,0,0,0,0
309,verapamil,13,309013,6,3,0,33,0,4.212,0.9840228245363766,91.13,21.988201257444768,1,0,0,1,3
309,verapamil,21,309021,6,2,0,33,0,-1.62,0.15206847360912978,96.59,6.7853770472976755,0,0,0,0,0
309,verapamil,22,309022,6,2,0,33,0,-2.686,0.0,94.82,4.91115378437936,0,0,0,0,0
309,verapamil,23,309023,6,2,0,33,0,4.324,1.0,89.72,12.3109134736586,0,0,0,0,0
309,verapamil,25,309025,6,2,0,33,0,4.286,0.9945791726105563,88.89,11.150552061014452,0,1,0,1,2
309,verapamil,26,309026,6,2,0,33,0,1.787,0.6380884450784593,85.45,15.305439498726699,0,0,0,0,0
309,verapamil,29,309029,6,3,0,33,0,3.374,0.8644793152639088,97.3,25.199298934782963,0,0,0,0,0
309,verapamil,30,309030,6,3,0,33,0,3.374,0.8644793152639088,96.79,28.2368850905988,0,0,0,0,0
309,verapamil,31,309031,6,3,0,33,0,3.374,0.8644793152639088,96.3,27.146310628873398,0,0,0,0,0
309,verapamil,32,309032,6,3,0,33,0,3.374,0.8644793152639088,95.87,28.86468557482883,0,0,0,0,0
314,zaleplon,20,314020,6,3,0,23,0,-4.466,0.4273462386669934,96.96,25.28109081546583,0,0,0,0,0
314,zaleplon,22,314022,6,2,0,23,0,1.257,0.8947970268724985,92.57,18.508149583203398,1,0,0,1,3
314,zaleplon,23,314023,6,3,0,23,0,-4.812,0.39908519153802174,102.57,25.983370342849366,0,0,0,0,0
447,pranidipine,1,447001,6,1,0,33,0,5.135,1.0,82.02,8.04435902618656,1,0,0,1,3
447,pranidipine,14,447014,6,3,0,33,0,4.662,0.9754311240390607,88.33,26.440190358347735,0,0,0,0,0
447,pranidipine,17,447017,6,3,0,33,0,4.644,0.9744961562435072,87.97,27.074671640759664,0,0,0,0,0
447,pranidipine,22,447022,6,2,0,33,0,3.63,0.9218263037606481,73.83,22.7424474544279,0,0,0,0,0
447,pranidipine,23,447023,6,3,0,33,0,4.158,0.949252025763557,98.03,28.645529126050466,0,0,0,0,0
